name,surname,email,token,admission_date,available_amount
Sydnee,Boyer,enim@nisimagnased.ca,AFDCE820-03C3-7A7F-2BB9-B066161E928F,27-06-16,618
Burke,Ferrell,volutpat@ornare.org,11AE04FF-438A-879A-DD76-CA0B82C62D1B,13-07-12,318
Allegra,Talley,Nunc.commodo@maurisid.com,7D56A5E1-A0D9-E05A-A94E-A723AAB44BD5,17-05-17,160
Seth,Larsen,risus.at@nisiaodio.co.uk,D7DC45D0-C4BD-92FA-5D80-21DFCB2CCFEF,06-02-16,553
Odysseus,Barton,fringilla.ornare@lacus.com,9A82F812-F408-2CAE-17B6-2896EBDB9210,11-04-16,551
Fallon,Cherry,ultricies.sem@velvulputate.edu,23FF160B-4340-D1E5-15C3-E4AD328BADE1,15-12-14,791
Knox,Bridges,Nunc@Sed.com,B5DCE947-93EC-26FF-790B-113B19B3ADF2,09-05-14,A805
Aurelia,Pearson,non.leo@urnaNunc.co.uk,0DCCD2B4-2373-EC31-F172-1028BE87AB3F,19-09-17,875
Chava,Huff,neque.et.nunc@esttemporbibendum.co.uk,EC96E214-0251-FAD0-4F73-DE5F4821EC0D,25-11-17,492
Chiquita,Hill,pede.et@Phasellus.org,0F71B4D3-3C46-B5FB-56E9-9714EB25370A,25-01-17,35
Ross,Hodge,nonummy.ipsum@massaIntegervitae.co.uk,04AB17A9-DDAC-F13B-537F-12545E500BE4,20-03-15,899
Jamalia,Long,Duis@nostraperinceptos.ca,F4FDA192-40AD-959F-845F-630C6518DF93,13-06-13,161
Damon,Vance,Integer.vulputate.risus@Aeneaneuismod.com,AB0988FA-3A06-4BEA-90A1-311E3B87D726,10-12-14,160
Acton,Noel,nonummy.ipsum.non@lectus.org,D011DCC5-2EC5-400B-34C5-D5AD618741AC,08-04-17,433
Troy,Lewis,Proin.vel@augue.edu,B38C3CBB-EF44-B48C-349D-F7E24675AA4C,04-03-14,33
Myra,Park,hendrerit.a@ascelerisque.co.uk,5A75D79F-6C4B-F752-4BF2-A929F52A1A34,19-03-13,757
Ignatius,Mclean,tellus.Nunc@Quisque.org,229453A2-A55C-DB07-4E63-2CEF1FA6DA11,14-12-17,182
Declan,Ross,libero.est@ut.ca,29A5E5D1-10BA-3642-E429-CCCA1370DDC6,07-07-13,972
Brennan,Collins,sollicitudin@adipiscingnonluctus.ca,AA87E8E8-0045-7E3F-1B9C-8B8601DA96FB,23-09-15,153
Bryar,Dodson,metus@pharetrased.net,0CDCA86B-72E5-46D5-837A-7CAD5DED9C82,29-03-18,906
Kimberly,Bright,sodales@InloremDonec.net,FDDFA9D3-C862-4FEB-DDB5-23CC0DF9E0CE,13-11-14,813
Kamal,Justice,Donec.egestas@Maurisutquam.co.uk,2EE8F82A-6846-1C9B-6E58-3C60A7D6F5EB,15-09-12,203
Eugenia,Roberson,interdum@Donec.ca,C07ADD8F-8EDC-E2FD-4D53-54841E5015CA,24-06-13,885
Wynne,Kane,parturient.montes@porttitor.co.uk,6E527388-47E9-EAD2-3F85-9388F1F525BA,28-06-18,400
Risa,Estrada,consectetuer.euismod@sociisnatoquepenatibus.ca,537708B9-45DC-07CD-653E-2120726F256D,03-05-16,696
Chandler,Sutton,ut.sem@mollis.edu,7123137C-6ACD-D231-E9A2-97CE0EADA100,08-01-13,540
Alexis,Houston,ac@estcongue.net,6B8CE4B9-22C2-943C-5131-EE018F694AAF,17-11-15,496
Inga,Hendrix,Nullam.nisl@mi.com,10844D57-C0A2-B596-57B1-30607418148D,20-09-16,520
Joan,Chandler,Nullam@aliquetmetusurna.org,6488A9A9-DACE-81C5-1B47-ADD515638CA8,19-08-16,211
Dante,Brewer,quam.vel.sapien@ut.net,BED9AA9B-6EF7-9A2F-94EC-FCB09687F0F4,25-01-18,520
Irma,Humphrey,felis@blanditat.net,B5388D59-A293-4B96-C6EC-8E12C86A8765,27-07-16,636
Emma,Ruiz,Phasellus.vitae.mauris@Nullamlobortisquam.net,67EEF2DA-8771-933F-E339-C44C580774A6,08-01-17,180
Howard,Dillon,eu@bibendumDonec.com,E6E26882-3944-0492-AF12-17CB77C06432,24-07-14,899
Lars,Sears,nec@nequeetnunc.co.uk,38DC0958-46C6-BC89-97AD-C26101624453,04-09-15,28
Neville,Guerrero,ipsum.Suspendisse.non@sit.org,CF48781A-5E2F-3085-3B6F-CC0C99AAC2FC,10-08-16,488
Doris,Gibson,Donec@et.com,4CC6CC89-FE1D-6133-0D3F-32A10B3CAEF2,06-09-14,215
Orson,Case,tempus.scelerisque.lorem@dapibusrutrumjusto.net,1BBC6206-60D1-1478-AC3E-AF3AC79EBE18,26-05-16,750
Phelan,Vazquez,Vivamus@sagittisNullam.net,0A5001FA-E92E-4ED6-8899-37BCCCDD0080,12-11-12,850
Hop,Munoz,Fusce@tellus.edu,F0642906-5120-F42A-8E5C-DDF3A8085E08,05-05-18,74
Rhea,Farley,sociis.natoque@cursus.co.uk,B58331CA-3AB0-679C-2F4F-0D36604B2962,20-12-17,358
Joan,Santos,libero.lacus.varius@leoMorbi.net,715F43A1-FB37-C803-351F-82888B30FFFC,02-12-17,966
Guy,Alford,et.ipsum@maurisMorbi.com,C8806763-6388-6D87-E841-19CCF1C63551,19-08-16,276
Benedict,Emerson,turpis.non@amet.net,E4BDBEE0-A259-DD1D-DC16-13BE669416F6,15-02-18,267
Isaac,Talley,a@elementum.net,E8DD53F8-0B83-0091-D12E-69A8322450DB,03-04-16,273
Uriah,Larson,inceptos@enimMauris.org,89526543-090D-2F15-A9D2-17A111FAC073,09-02-17,706
Baxter,Snyder,scelerisque.lorem.ipsum@mauris.net,CAB6068E-4836-899D-B5F8-59F1B86D71C4,29-05-18,261
Yen,Mclean,elit.a@enim.co.uk,5C227935-44A9-2A56-5348-20ED949C6B40,14-08-14,950
Logan,Gardner,adipiscing@ultrices.co.uk,EBB3ABA9-8AB4-5121-AD91-2C4FD9E4DCB3,12-10-17,362
Preston,Randall,felis.Donec.tempor@consequat.edu,A4BFE00E-842C-B286-339C-D66234A9C5C3,30-04-13,908
Orli,Maddox,ante.blandit@Aenean.org,CE05E057-AF7C-FC09-F87E-9A3FCBEC9456,03-08-17,129
Tate,Hubbard,Nunc.lectus@liberomaurisaliquam.com,60FCF33C-BDD5-2D88-7B56-CD76EFF6E88D,21-03-14,377
Patrick,Perry,et.euismod@tellusjusto.co.uk,7FD32DAC-461B-A218-4286-9A32B6CDB938,02-04-13,3
Jakeem,Pacheco,sociis@Quisque.ca,1F7228CD-2454-797E-E004-6362A8E63644,12-08-12,383
Austin,Potts,dolor@velit.net,E2F5A8D7-12A1-1C90-DD1D-0AE65B5E0A15,07-09-14,608
Fay,Dawson,morbi.tristique.senectus@ultricesposuere.com,80B19062-9061-A87D-9B33-7908486D6E87,13-11-17,240
Medge,Ramos,non.dapibus@fermentumrisus.edu,38B5ED38-130B-176E-6801-EE3C814B1D50,12-12-12,746
Kato,Ward,felis.adipiscing.fringilla@luctusfelispurus.edu,0F453704-2C72-A0FC-EFCA-450E1B6C4071,30-01-15,152
Amy,Merrill,facilisis@ipsumdolor.edu,A85CF87A-DE5A-7C7A-4DA6-B9FE67E32251,16-06-14,831
John,Holt,sem.Nulla@acmattis.com,CCF53275-1F69-383F-9D15-2EB231AC11B4,08-06-14,424
Halee,Coffey,interdum.Nunc@magnaaneque.com,4BF070DA-4269-650C-90DC-3D0088A70887,18-01-15,37
India,Hughes,dolor.Fusce.feugiat@vitaeodiosagittis.com,7A116A66-FA52-38B9-666C-F2EC019B67DA,27-07-13,962
Tate,Frost,interdum.enim@dictumsapien.org,EF6D1F21-A8FD-40FC-61A9-42B6500C1B9B,03-10-17,225
Ulysses,Mason,lectus.justo.eu@semmollis.org,A9FE7F2F-74D4-0329-9D40-98691934DE3D,03-09-15,301
Griffith,Turner,risus.Donec@elitdictum.net,5A18FAB8-5554-A969-06BC-75CBFA3EB26A,14-01-17,980
Quintessa,Finley,velit.Quisque.varius@luctus.org,8240EFAF-B59D-556A-DC83-DA7B49213877,24-09-12,512
Britanney,Obrien,erat@risus.ca,FE5802F2-4A7C-5EB1-4D22-1C75FFE97B2A,22-01-15,34
Sylvester,Hogan,Morbi.accumsan.laoreet@imperdietnecleo.edu,ACA4119B-E46A-D72D-4D84-F97D99B0ECBF,16-01-17,517
Hector,Webb,cubilia.Curae.Donec@miloremvehicula.org,6865F712-B9D9-E49E-C628-528FAC7878CC,21-09-15,358
Hermione,Guerra,adipiscing.lacus@enimNuncut.com,CB93BCEE-D47E-164F-0747-957E5DC595B7,02-03-14,426
Quinlan,George,rhoncus@enimSuspendissealiquet.com,EE82E838-7425-9659-3A55-2ADC41CC4119,20-01-17,70
Kerry,Jenkins,ornare.sagittis@lorem.ca,4CCE85E1-C096-8ED3-1383-29C79BDE202C,21-01-17,586
Cara,Estes,bibendum.fermentum.metus@consequat.edu,9BB85626-2617-0428-2B1F-6E361E52CA2B,29-07-13,273
Byron,Riddle,dolor.Donec.fringilla@eu.org,5362FD33-C321-068E-CBF6-9F6C04EC9A8F,06-08-14,17
Judith,Owens,tellus.Suspendisse.sed@erateget.ca,0DFBE07B-355E-BFC5-AABC-DC130671C355,02-02-17,798
Castor,Eaton,ante@molestieSed.org,DBA72632-59F3-A6BB-9242-4014B657DE10,28-09-17,238
Arthur,Odom,sodales@gravida.co.uk,04C45E2F-7D8A-AA5F-1CB2-7F9D2C685002,08-03-14,965
Lee,Lowery,ultricies@DonecfringillaDonec.edu,5FCCA55A-2733-1350-D638-C4148B9BFE3F,18-03-18,96
Cherokee,Kirk,dapibus@inlobortistellus.com,A1192E95-3D71-F3F2-AF41-A9B16A71A25B,11-10-12,257
Cameron,Moore,vulputate.nisi.sem@feugiat.co.uk,1C091AE5-EFB8-639D-B943-31D70B755243,07-02-14,264
Amaya,Mejia,convallis.convallis.dolor@venenatis.org,CDF9D583-3981-9613-5EC4-CCD055670C7A,28-02-17,964
Olga,Miles,mus@egestas.org,3ADEB6D8-1C5A-F5EA-BA3A-BB4026766C0C,29-04-17,413
Plato,Peterson,eget.ipsum@Nullamfeugiatplacerat.org,ED84D030-16A2-C344-11D3-D1D9D9241578,19-04-16,887
Colorado,Skinner,In.ornare@facilisisSuspendisse.co.uk,F60A5843-9321-D686-83CD-A86FE6DD1B66,02-10-14,914